"User Type","Product","Price","","","","","","","","","","","","","","","","","","","","","","",""
"Men","Shirt","55","","","","","","","","","","","","","","","","","","","","","","",""
"Men","Trousers","29","","","","","","","","","","","","","","","","","","","","","","",""
"Men","Shorts","35","","","","","","","","","","","","","","","","","","","","","","",""
"Men","Socks Pair","29","","","","","","","","","","","","","","","","","","","","","","",""
"Men","Suit 2 Pc","179","","","","","","","","","","","","","","","","","","","","","","",""
"Men","Suit 3 Pc","225","","","","","","","","","","","","","","","","","","","","","","",""
"Men","Sweater / Cardigan - Full Sleeve","99","","","","","","","","","","","","","","","","","","","","","","",""
"Men","Sweater / Cardigan - Sleeveless","85","","","","","","","","","","","","","","","","","","","","","","",""
"Men","Shawl / Lohi","99","","","","","","","","","","","","","","","","","","","","","","",""
"Men","Shawl - Pashmina","349","","","","","","","","","","","","","","","","","","","","","","",""
"Men","Shawl - Toosh","499","","","","","","","","","","","","","","","","","","","","","","",""
"Men","Tie","35","","","","","","","","","","","","","","","","","","","","","","",""
"Men","Jeans","69","","","","","","","","","","","","","","","","","","","","","","",""
"Men","T - Shirt","55","","","","","","","","","","","","","","","","","","","","","","",""
"Men","Parka Coat < Fur Inside > Short","129","","","","","","","","","","","","","","","","","","","","","","",""
"Men","Wind Cheater / Rain Jacket","59","","","","","","","","","","","","","","","","","","","","","","",""
"Men","Safari Shirt & Pant","125","","","","","","","","","","","","","","","","","","","","","","",""
"Men","Shoes Sports","229","","","","","","","","","","","","","","","","","","","","","","",""
"Men","Combo - Shirt and Pant","79","","","","","","","","","","","","","","","","","","","","","","",""
"Men","Swimming Trunks","29","","","","","","","","","","","","","","","","","","","","","","",""
"Men","Muffler ( Woolen / Pashmina )","109","","","","","","","","","","","","","","","","","","","","","","",""
"Men","Gloves ( Woolen )","39","","","","","","","","","","","","","","","","","","","","","","",""
"Men","Thermal","49","","","","","","","","","","","","","","","","","","","","","","",""
"Men","Pocket Square","19","","","","","","","","","","","","","","","","","","","","","","",""
"Men","Turban","79","","","","","","","","","","","","","","","","","","","","","","",""
"Men","Wallet","29","","","","","","","","","","","","","","","","","","","","","","",""
"Men","Wedding Tuxedo ( 3 pcs )","399","","","","","","","","","","","","","","","","","","","","","","",""
"Men","Wedding Tuxedo Designer ( 3 pcs )","499","","","","","","","","","","","","","","","","","","","","","","",""
"Men","Wedding Suit ( 3 pcs )","449","","","","","","","","","","","","","","","","","","","","","","",""
"Men","Wedding Suit Designer ( 3 pcs )","599","","","","","","","","","","","","","","","","","","","","","","",""
"Men","Wedding Sherwani set","299","","","","","","","","","","","","","","","","","","","","","","",""
"Men","Wedding Sherwani set Designer","399","","","","","","","","","","","","","","","","","","","","","","",""
"Men","Waist Coat","75","","","","","","","","","","","","","","","","","","","","","","",""
"Men","Kurta Payjama ( Light )","99","","","","","","","","","","","","","","","","","","","","","","",""
"Men","Kurta Payjama ( Heavy )","179","","","","","","","","","","","","","","","","","","","","","","",""
"Men","Jacket Normal Long","129","","","","","","","","","","","","","","","","","","","","","","",""
"Men","Dhoti / Lungi ( Silk )","59","","","","","","","","","","","","","","","","","","","","","","",""
"Men","Shirt & Dhoti ( Silk )","89","","","","","","","","","","","","","","","","","","","","","","",""
"Men","Parka Coat < Fur Inside > Long","149","","","","","","","","","","","","","","","","","","","","","","",""
"Men","Formal and Casual Trousers / Pants","29","","","","","","","","","","","","","","","","","","","","","","",""
"Men","Joggers","89","","","","","","","","","","","","","","","","","","","","","","",""
"Men","Dhoti Normal","59","","","","","","","","","","","","","","","","","","","","","","",""
"Men","Blazer / Coat - Short","129","","","","","","","","","","","","","","","","","","","","","","",""
"Men","Boots leather","299","","","","","","","","","","","","","","","","","","","","","","",""
"Men","Gloves ( Leather )","139","","","","","","","","","","","","","","","","","","","","","","",""
"Men","Kurta ( Cotton )","79","","","","","","","","","","","","","","","","","","","","","","",""
"Men","Kurta ( Silk )","99","","","","","","","","","","","","","","","","","","","","","","",""
"Men","Shoes Leather / Suede / Nubuck","279","","","","","","","","","","","","","","","","","","","","","","",""
"Men","Dhoti Heavy","89","","","","","","","","","","","","","","","","","","","","","","",""
"Men","Kurta Heavy","119","","","","","","","","","","","","","","","","","","","","","","",""
"Men","Pyjama","49","","","","","","","","","","","","","","","","","","","","","","",""
"Men","Track Pant","49","","","","","","","","","","","","","","","","","","","","","","",""
"Men","Vest","19","","","","","","","","","","","","","","","","","","","","","","",""
"Men","Sherwani","199","","","","","","","","","","","","","","","","","","","","","","",""
"Men","Pagdi","79","","","","","","","","","","","","","","","","","","","","","","",""
"Men","Blazer / Coat - Long","199","","","","","","","","","","","","","","","","","","","","","","",""
"Men","Shawl / Naga","149","","","","","","","","","","","","","","","","","","","","","","",""
"Men","Indo Western","349","","","","","","","","","","","","","","","","","","","","","","",""
"Women","Garo Dakmanda Normal","95","","","","","","","","","","","","","","","","","","","","","","",""
"Women","Mekhela Normal","89","","","","","","","","","","","","","","","","","","","","","","",""
"Women","Manipuri / Mizo / Naga ( Wrap around Skirt ) Normal","119","","","","","","","","","","","","","","","","","","","","","","",""
"Women","Salwar Kurta Pashmina and Other Heavy Work - 3pcs","179","","","","","","","","","","","","","","","","","","","","","","",""
"Women","Plazzo / Sharara Normal","47","","","","","","","","","","","","","","","","","","","","","","",""
"Women","Saree Designer","274","","","","","","","","","","","","","","","","","","","","","","",""
"Women","Blouse Designer","79","","","","","","","","","","","","","","","","","","","","","","",""
"Women","Lehenga Designer","359","","","","","","","","","","","","","","","","","","","","","","",""
"Women","Women Night Robe Cotton","59","","","","","","","","","","","","","","","","","","","","","","",""
"Women","Innerwear / Undergarments","29","","","","","","","","","","","","","","","","","","","","","","",""
"Women","Night Dress","47","","","","","","","","","","","","","","","","","","","","","","",""
"Women","Thermals Single","53","","","","","","","","","","","","","","","","","","","","","","",""
"Women","Swim suit bikini set","59","","","","","","","","","","","","","","","","","","","","","","",""
"Women","Muffler Woolen","74","","","","","","","","","","","","","","","","","","","","","","",""
"Women","Gloves Woolen","29","","","","","","","","","","","","","","","","","","","","","","",""
"Women","Handkerchief","19","","","","","","","","","","","","","","","","","","","","","","",""
"Women","Hats","49","","","","","","","","","","","","","","","","","","","","","","",""
"Women","Cap ( Casual / Woolen )","49","","","","","","","","","","","","","","","","","","","","","","",""
"Women","Belt","29","","","","","","","","","","","","","","","","","","","","","","",""
"Women","Purse","99","","","","","","","","","","","","","","","","","","","","","","",""
"Women","Dungaree Short","84","","","","","","","","","","","","","","","","","","","","","","",""
"Women","Formal Gown Short Normal","89","","","","","","","","","","","","","","","","","","","","","","",""
"Women","Formal Gown Long Heavy work","179","","","","","","","","","","","","","","","","","","","","","","",""
"Women","Blouse","49","","","","","","","","","","","","","","","","","","","","","","",""
"Women","Choli + Lehanga + Dupatta","349","","","","","","","","","","","","","","","","","","","","","","",""
"Women","Dress ( Cotton )","109","","","","","","","","","","","","","","","","","","","","","","",""
"Women","Kameez / Kurta","59","","","","","","","","","","","","","","","","","","","","","","",""
"Women","Pyjama / Pants / Salwar / Churidar / Palazo Pants","49","","","","","","","","","","","","","","","","","","","","","","",""
"Women","Kurta+paints / salwar / churidar","149","","","","","","","","","","","","","","","","","","","","","","",""
"Women","Kurta+paints / salwar / churidar+dupatta","199","","","","","","","","","","","","","","","","","","","","","","",""
"Women","Lehenga / Flared Skirt","179","","","","","","","","","","","","","","","","","","","","","","",""
"Women","Saree ( Cotton / Synthetic / Light )","99","","","","","","","","","","","","","","","","","","","","","","",""
"Women","Stocking ( Pair ) - Regular","35","","","","","","","","","","","","","","","","","","","","","","",""
"Women","Stole / Scarf","35","","","","","","","","","","","","","","","","","","","","","","",""
"Women","Dress ( Heavy )","225","","","","","","","","","","","","","","","","","","","","","","",""
"Women","Saree ( Silk / Chiffon / Georgette / Heavy )","149","","","","","","","","","","","","","","","","","","","","","","",""
"Women","Parka Coat Long","164","","","","","","","","","","","","","","","","","","","","","","",""
"Women","Jacket Puffer Long","199","","","","","","","","","","","","","","","","","","","","","","",""
"Women","Jacket - Faux fur Long","199","","","","","","","","","","","","","","","","","","","","","","",""
"Women","Skirt Long","77","","","","","","","","","","","","","","","","","","","","","","",""
"Women","Top","38","","","","","","","","","","","","","","","","","","","","","","",""
"Women","Shorts / Capri","29","","","","","","","","","","","","","","","","","","","","","","",""
"Women","Skirt - Pencil / Pleated / Other","59","","","","","","","","","","","","","","","","","","","","","","",""
"Women","Khasi Jainsem Heavy","149","","","","","","","","","","","","","","","","","","","","","","",""
"Women","Khasi Dhara Munga","179","","","","","","","","","","","","","","","","","","","","","","",""
"Women","Garo Dakmanda Heavy","137","","","","","","","","","","","","","","","","","","","","","","",""
"Women","Mekhela Muga and Pator","99","","","","","","","","","","","","","","","","","","","","","","",""
"Women","Chadar Muga and Pator","119","","","","","","","","","","","","","","","","","","","","","","",""
"Women","Manipuri / Mizo / Naga ( Wrap around Skirt ) Heavy","179","","","","","","","","","","","","","","","","","","","","","","",""
"Women","Salwar Kurta Normal Work - 3pcs","119","","","","","","","","","","","","","","","","","","","","","","",""
"Women","Dupatta Heavy Work","74","","","","","","","","","","","","","","","","","","","","","","",""
"Women","Plazzo / Sharara Heavy Work","59","","","","","","","","","","","","","","","","","","","","","","",""
"Women","Saree Plain","89","","","","","","","","","","","","","","","","","","","","","","",""
"Women","Blouse Normal","34","","","","","","","","","","","","","","","","","","","","","","",""
"Women","Blouse Heavy Work","64","","","","","","","","","","","","","","","","","","","","","","",""
"Women","Lehenga Normal Work","179","","","","","","","","","","","","","","","","","","","","","","",""
"Women","Lehenga Medium Work","209","","","","","","","","","","","","","","","","","","","","","","",""
"Women","Lehenga Heavy Work","239","","","","","","","","","","","","","","","","","","","","","","",""
"Women","Peticoat Cotton","39","","","","","","","","","","","","","","","","","","","","","","",""
"Women","Peticoat Woolen","59","","","","","","","","","","","","","","","","","","","","","","",""
"Women","Women Night Robe Satin","79","","","","","","","","","","","","","","","","","","","","","","",""
"Women","Thermals Set","84","","","","","","","","","","","","","","","","","","","","","","",""
"Women","Swim suit solid body suit","89","","","","","","","","","","","","","","","","","","","","","","",""
"Women","Muffler Pashmina","109","","","","","","","","","","","","","","","","","","","","","","",""
"Women","Shawl Woolen","149","","","","","","","","","","","","","","","","","","","","","","",""
"Women","Shawl Pashmina","349","","","","","","","","","","","","","","","","","","","","","","",""
"Women","Shawl Shahtoosh","449","","","","","","","","","","","","","","","","","","","","","","",""
"Women","Gloves Leather","59","","","","","","","","","","","","","","","","","","","","","","",""
"Women","Caps Woolen","64","","","","","","","","","","","","","","","","","","","","","","",""
"Women","Dress / Frock / Jumpsuit Short","79","","","","","","","","","","","","","","","","","","","","","","",""
"Women","Dress / Frock / Jumpsuit Long","94","","","","","","","","","","","","","","","","","","","","","","",""
"Women","Dungaree Long","119","","","","","","","","","","","","","","","","","","","","","","",""
"Women","Formal Gown Short Heavy Work","149","","","","","","","","","","","","","","","","","","","","","","",""
"Women","Formal Gown Long Normal","119","","","","","","","","","","","","","","","","","","","","","","",""
"Women","Coat - Long","114","","","","","","","","","","","","","","","","","","","","","","",""
"Women","Chadar","99","","","","","","","","","","","","","","","","","","","","","","",""
"Women","Mekhela Chaddar 3pcs","199","","","","","","","","","","","","","","","","","","","","","","",""
"Women","Ladies Suit 2pcs","149","","","","","","","","","","","","","","","","","","","","","","",""
"Women","Ladies Suit 3pcs","199","","","","","","","","","","","","","","","","","","","","","","",""
"Women","Muga Mekhela","149","","","","","","","","","","","","","","","","","","","","","","",""
"Women","Muga Chaddar","54","","","","","","","","","","","","","","","","","","","","","","",""
"Women","Muga Mekhela Chaddar 3pcs","199","","","","","","","","","","","","","","","","","","","","","","",""
"Women","Pator Mekhela","149","","","","","","","","","","","","","","","","","","","","","","",""
"Women","Pator Chaddar","54","","","","","","","","","","","","","","","","","","","","","","",""
"Women","Pator Mekhela Chaddar 3pcs","199","","","","","","","","","","","","","","","","","","","","","","",""
"Women","Kesa Pator Mekhela","149","","","","","","","","","","","","","","","","","","","","","","",""
"Women","Kesa Pator Chaddar","59","","","","","","","","","","","","","","","","","","","","","","",""
"Women","Kesa Pator Mekhela Chaddar 3pcs","199","","","","","","","","","","","","","","","","","","","","","","",""
"Women","Choli","149","","","","","","","","","","","","","","","","","","","","","","",""
"Women","Lehenga / Ghagra","199","","","","","","","","","","","","","","","","","","","","","","",""
"Women","Designer Lehanga / ghagra","199","","","","","","","","","","","","","","","","","","","","","","",""
"Women","Choli+lehanga+duppatta( n )","449","","","","","","","","","","","","","","","","","","","","","","",""
"Women","Designer Choli + Lehanga + Duppatta","749","","","","","","","","","","","","","","","","","","","","","","",""
"Women","Ghagra 3pc( n )","349","","","","","","","","","","","","","","","","","","","","","","",""
"Women","Ghagra Heavy 3pcs( d )","449","","","","","","","","","","","","","","","","","","","","","","",""
"Women","Kameez / Kurti Cotton","69","","","","","","","","","","","","","","","","","","","","","","",""
"Women","Designer Kurta","149","","","","","","","","","","","","","","","","","","","","","","",""
"Women","Salwar / Churidar 3pcs","149","","","","","","","","","","","","","","","","","","","","","","",""
"Women","Palazo Pant","69","","","","","","","","","","","","","","","","","","","","","","",""
"Women","Dress Indo western","349","","","","","","","","","","","","","","","","","","","","","","",""
"Women","Boot","199","","","","","","","","","","","","","","","","","","","","","","",""
"Women","Dhara","179","","","","","","","","","","","","","","","","","","","","","","",""
"Women","Jainsem","179","","","","","","","","","","","","","","","","","","","","","","",""
"Women","Specialty Clothing","299","","","","","","","","","","","","","","","","","","","","","","",""
"Women","Coat - Short","89","","","","","","","","","","","","","","","","","","","","","","",""
"Women","Shrug / Waist Coat","59","","","","","","","","","","","","","","","","","","","","","","",""
"Women","Over coat","149","","","","","","","","","","","","","","","","","","","","","","",""
"Women","Parka Coat Short","139","","","","","","","","","","","","","","","","","","","","","","",""
"Women","Sweatshirt / Jumper","59","","","","","","","","","","","","","","","","","","","","","","",""
"Women","Wind Cheater / Rain Coat","54","","","","","","","","","","","","","","","","","","","","","","",""
"Women","Jacket Rexine","119","","","","","","","","","","","","","","","","","","","","","","",""
"Women","Jacket Leather","399","","","","","","","","","","","","","","","","","","","","","","",""
"Women","Jacket Normal Short","99","","","","","","","","","","","","","","","","","","","","","","",""
"Women","Jacket Puffer Short","149","","","","","","","","","","","","","","","","","","","","","","",""
"Women","Jacket - Faux fur Short","149","","","","","","","","","","","","","","","","","","","","","","",""
"Women","Western Formal Suit - 2 pcs ( Shirt, Coat, Pant )","124","","","","","","","","","","","","","","","","","","","","","","",""
"Women","Formal And Semi Formal Trouser","29","","","","","","","","","","","","","","","","","","","","","","",""
"Women","Jeggings","69","","","","","","","","","","","","","","","","","","","","","","",""
"Women","Track suit","99","","","","","","","","","","","","","","","","","","","","","","",""
"Women","Jainkyrshah","89","","","","","","","","","","","","","","","","","","","","","","",""
"Women","Khasi Jainsem Light","124","","","","","","","","","","","","","","","","","","","","","","",""
"Household","Bath Towel","29","","","","","","","","","","","","","","","","","","","","","","",""
"Household","Bed Cover Single","125","","","","","","","","","","","","","","","","","","","","","","",""
"Household","Bed Cover Double","175","","","","","","","","","","","","","","","","","","","","","","",""
"Household","Bed Sheet Single","59","","","","","","","","","","","","","","","","","","","","","","",""
"Household","Bed Sheet Double","99","","","","","","","","","","","","","","","","","","","","","","",""
"Household","Blanket Single","174","","","","","","","","","","","","","","","","","","","","","","",""
"Household","Blanket Double","224","","","","","","","","","","","","","","","","","","","","","","",""
"Household","Cushion Cover Small","35","","","","","","","","","","","","","","","","","","","","","","",""
"Household","Cushion Cover Normal ( Large )","59","","","","","","","","","","","","","","","","","","","","","","",""
"Household","Pillow Cover - Cotton / Terry Cotton","34","","","","","","","","","","","","","","","","","","","","","","",""
"Household","Pillow Cover - Embroidery","49","","","","","","","","","","","","","","","","","","","","","","",""
"Household","Quilt ( Single )","224","","","","","","","","","","","","","","","","","","","","","","",""
"Household","Quilt ( Double )","274","","","","","","","","","","","","","","","","","","","","","","",""
"Household","Gamosa","26","","","","","","","","","","","","","","","","","","","","","","",""
"Household","Bath Robe ( Medium )","34","","","","","","","","","","","","","","","","","","","","","","",""
"Household","Stuff Toy Small","59","","","","","","","","","","","","","","","","","","","","","","",""
"Household","Bath Mat ( Large )","44","","","","","","","","","","","","","","","","","","","","","","",""
"Household","Oven Gloves ( Set )","64","","","","","","","","","","","","","","","","","","","","","","",""
"Household","Pillow Cover 2 pcs Set","32","","","","","","","","","","","","","","","","","","","","","","",""
"Household","Blanket Duvet ( Single )","49","","","","","","","","","","","","","","","","","","","","","","",""
"Household","Blanket Duvet ( Double )","449","","","","","","","","","","","","","","","","","","","","","","",""
"Household","Cushion Cover Normal ( Small )","34","","","","","","","","","","","","","","","","","","","","","","",""
"Household","Cushion Cover Embroidery ( Small / Medium / Large size )","84","","","","","","","","","","","","","","","","","","","","","","",""
"Household","Sofa cover - Embroidery work ( Single )","239","","","","","","","","","","","","","","","","","","","","","","",""
"Household","Sofa cover - Normal ( Single )","174","","","","","","","","","","","","","","","","","","","","","","",""
"Household","Sofa cover - Lace ( Single )","199","","","","","","","","","","","","","","","","","","","","","","",""
"Household","Curtain - Cotton [Per Panel]","114","","","","","","","","","","","","","","","","","","","","","","",""
"Household","Curtain - Lace [Per Panel]","144","","","","","","","","","","","","","","","","","","","","","","",""
"Household","Curtain - Embroidery Work [Per Panel]","134","","","","","","","","","","","","","","","","","","","","","","",""
"Household","Table Runner Embroidery","114","","","","","","","","","","","","","","","","","","","","","","",""
"Household","Laptop Bag","199","","","","","","","","","","","","","","","","","","","","","","",""
"Household","Bagpack Small","149","","","","","","","","","","","","","","","","","","","","","","",""
"Household","Bagpack Medium","174","","","","","","","","","","","","","","","","","","","","","","",""
"Household","Bagpack Large","249","","","","","","","","","","","","","","","","","","","","","","",""
"Household","Bath Mat ( Small )","24","","","","","","","","","","","","","","","","","","","","","","",""
"Household","Travel pillow with beads","174","","","","","","","","","","","","","","","","","","","","","","",""
"Household","Bath Robe ( Small )","29","","","","","","","","","","","","","","","","","","","","","","",""
"Household","Travel pillow without beads","149","","","","","","","","","","","","","","","","","","","","","","",""
"Household","Bath Robe ( Big )","44","","","","","","","","","","","","","","","","","","","","","","",""
"Household","Women's Sling Bag","199","","","","","","","","","","","","","","","","","","","","","","",""
"Household","Women's Shoulder Bag","299","","","","","","","","","","","","","","","","","","","","","","",""
"Household","Cushion Cover Small - Preimium","64","","","","","","","","","","","","","","","","","","","","","","",""
"Household","Leather Bag ( Small )","224","","","","","","","","","","","","","","","","","","","","","","",""
"Household","Cushion Cover Normal ( Medium )","44","","","","","","","","","","","","","","","","","","","","","","",""
"Household","Leather Bag ( Medium )","299","","","","","","","","","","","","","","","","","","","","","","",""
"Household","Quilt Cover ( Single )","125","","","","","","","","","","","","","","","","","","","","","","",""
"Household","Leather Bag ( Large )","424","","","","","","","","","","","","","","","","","","","","","","",""
"Household","Quilt Cover ( Double )","175","","","","","","","","","","","","","","","","","","","","","","",""
"Household","Stuff Toy Medium","99","","","","","","","","","","","","","","","","","","","","","","",""
"Household","Stuff Toy Big","149","","","","","","","","","","","","","","","","","","","","","","",""
"Household","Curtain - Without Lining [ Per Panel ]","119","","","","","","","","","","","","","","","","","","","","","","",""
"Household","Curtain - With Lining [Per Panel]","175","","","","","","","","","","","","","","","","","","","","","","",""
"Household","Face Towel","19","","","","","","","","","","","","","","","","","","","","","","",""
"Household","Hand Towel","24","","","","","","","","","","","","","","","","","","","","","","",""
"Household","Table Cloth Small","45","","","","","","","","","","","","","","","","","","","","","","",""
"Household","Table Cloth Big","75","","","","","","","","","","","","","","","","","","","","","","",""
"Household","Table Runner - Fancy","89","","","","","","","","","","","","","","","","","","","","","","",""
"Household","Foot Mat ( 1ft * 2ft )","29","","","","","","","","","","","","","","","","","","","","","","",""
"Household","Pram","199","","","","","","","","","","","","","","","","","","","","","","",""
"Household","Suit Case Small","124","","","","","","","","","","","","","","","","","","","","","","",""
"Household","Suit Case Medium","199","","","","","","","","","","","","","","","","","","","","","","",""
"Household","Suit Case Big","249","","","","","","","","","","","","","","","","","","","","","","",""
"Household","Razai","239","","","","","","","","","","","","","","","","","","","","","","",""
"Household","Mossquito Net","149","","","","","","","","","","","","","","","","","","","","","","",""
"Household","Bag","274","","","","","","","","","","","","","","","","","","","","","","",""
"Household","Handgloves","49","","","","","","","","","","","","","","","","","","","","","","",""
"Kids","Combo - Shirt and Pant ( 2 pcs set )","39","","","","","","","","","","","","","","","","","","","","","","",""
"Kids","Track suit / Night suit ( 2 pcs set )","84","","","","","","","","","","","","","","","","","","","","","","",""
"Kids","Ethnic Kurta set - 2pcs","99","","","","","","","","","","","","","","","","","","","","","","",""
"Kids","Tights and Leggings","17","","","","","","","","","","","","","","","","","","","","","","",""
"Kids","Dungaree ( Short / Long )","74","","","","","","","","","","","","","","","","","","","","","","",""
"Kids","Ethnic wear ( Normal / Heavy work )","149","","","","","","","","","","","","","","","","","","","","","","",""
"Kids","Undergarment","19","","","","","","","","","","","","","","","","","","","","","","",""
"Kids","Blouse / Top","35","","","","","","","","","","","","","","","","","","","","","","",""
"Kids","Choli+Lehanga+Dupatta","199","","","","","","","","","","","","","","","","","","","","","","",""
"Kids","Skirt","45","","","","","","","","","","","","","","","","","","","","","","",""
"Kids","Frock","59","","","","","","","","","","","","","","","","","","","","","","",""
"Kids","Kurta + Pants / Salwar / Churidar + Dupatta","149","","","","","","","","","","","","","","","","","","","","","","",""
"Kids","Jacket","75","","","","","","","","","","","","","","","","","","","","","","",""
"Kids","Sweater ( Full Sleeves )","65","","","","","","","","","","","","","","","","","","","","","","",""
"Kids","Sweater ( Sleeveless )","55","","","","","","","","","","","","","","","","","","","","","","",""
"Kids","Cotton Frock","74","","","","","","","","","","","","","","","","","","","","","","",""
"Kids","Designer Frock","149","","","","","","","","","","","","","","","","","","","","","","",""
"Women Luxury","Lehenga","349","","","","","","","","","","","","","","","","","","","","","","",""
"Women Luxury","Choli + Lehanga","399","","","","","","","","","","","","","","","","","","","","","","",""
"Women Luxury","Dress","299","","","","","","","","","","","","","","","","","","","","","","",""
"Women Luxury","Dupatta","94","","","","","","","","","","","","","","","","","","","","","","",""
"Women Luxury","Pyjama / Pants / Salwar / Churidar","64","","","","","","","","","","","","","","","","","","","","","","",""
"Women Luxury","Kurta + Pants / Salwar / Churidar","212","","","","","","","","","","","","","","","","","","","","","","",""
"Women Luxury","Lehanga / Flared Skirt","349","","","","","","","","","","","","","","","","","","","","","","",""
"Women Luxury","Saree ( Embroidered / Heavy )","299","","","","","","","","","","","","","","","","","","","","","","",""
"Women Luxury","Sherwani / Achkan","599","","","","","","","","","","","","","","","","","","","","","","",""
"Women Luxury","Overcoat","269","","","","","","","","","","","","","","","","","","","","","","",""
"Women Luxury","Ladies Suit 2 Pc","199","","","","","","","","","","","","","","","","","","","","","","",""
"Women Luxury","Ladies Suit 3 Pc","249","","","","","","","","","","","","","","","","","","","","","","",""
"Women Luxury","Shawl - Toosh","499","","","","","","","","","","","","","","","","","","","","","","",""
"Men Luxury","Coat","324","","","","","","","","","","","","","","","","","","","","","","",""
"Men Luxury","Coat - Short","249","","","","","","","","","","","","","","","","","","","","","","",""
"Men Luxury","Jacket - Short ( including leather )","449","","","","","","","","","","","","","","","","","","","","","","",""
"Household Luxury","Bed Cover Double / King","199","","","","","","","","","","","","","","","","","","","","","","",""
"Household Luxury","Bed Sheet Double / King","114","","","","","","","","","","","","","","","","","","","","","","",""
"Household Luxury","Cushion Cover Big","69","","","","","","","","","","","","","","","","","","","","","","",""
"Household Luxury","Quilt Single","249","","","","","","","","","","","","","","","","","","","","","","",""
"Household Luxury","Quilt Double","299","","","","","","","","","","","","","","","","","","","","","","",""
"Household Luxury","Quilt Cover ( Single )","139","","","","","","","","","","","","","","","","","","","","","","",""
"Household Luxury","Quilt Cover ( Double )","199","","","","","","","","","","","","","","","","","","","","","","",""